﻿{"cameraMode":{"drawMode":0,"name":"Shaded","section":"Shading Mode"},"sceneLighting":true,"audioPlay":false,"sceneViewState":{"showFog":true,"showMaterialUpdate":true,"showSkybox":true,"showFlares":true,"showImageEffects":true,"showParticleSystems":true},"in2DMode":false,"pivot":{"x":-0.781434178352356,"y":2.9960618019104006,"z":-1.762171745300293},"rotation":{"x":0.14677363634109498,"y":0.009207118302583695,"z":-0.0013674641959369183,"w":0.9891263842582703},"size":15.081573486328125,"orthographic":false}